{"version": 1, "jointCount": 77, "matrices": [[[0.0, 0.0, 1.0], [0.9999945759773254, 0.0033239126205444336, 0.0], [-0.0033239726908504963, 0.9999945759773254, 0.0]], [[-2.618451233615815e-08, -5.205111008876884e-08, 1.0], [0.9999913573265076, 0.004185530822724104, 2.640214802340779e-08], [-0.004185590893030167, 0.9999913573265076, 5.194106122985431e-08]], [[-7.574220717287972e-08, -5.4477236943739626e-08, 1.0], [0.9942107200622559, 0.10744912177324295, 8.115723915125272e-08], [-0.10744918137788773, 0.9942107200622559, 4.602341263648668e-08]], [[-1.724702087813057e-07, -4.631020544820785e-08, 1.0], [0.9999938607215881, 0.0035373095888644457, 1.726329657003589e-07], [-0.0035373696591705084, 0.9999938607215881, 4.5699827921907854e-08]], [[-3.543442517184303e-07, 4.3896243084873277e-08, 1.0], [0.9581757187843323, -0.28618088364601135, 3.520863174344413e-07], [0.2861808240413666, 0.9581757187843323, 5.934620972425364e-08]], [[-7.147062319745601e-07, 1.8177983562850386e-08, 1.0], [0.952764093875885, -0.30371174216270447, 6.864672741357936e-07], [0.3037116825580597, 0.952764093875885, 1.9974530118815892e-07]], [[-1.3621520338347182e-06, -6.304333624029823e-07, 1.0], [0.9930766820907593, 0.11746866255998611, 1.4267775441112462e-06], [-0.11746872216463089, 0.9930766820907593, 4.6605839543190086e-07]], [[-7.481332886527525e-08, -8.277923768673645e-08, 1.0], [0.9930766820907593, 0.11746866255998611, 8.401935502888591e-08], [-0.11746872216463089, 0.9930766820907593, 7.341791530279806e-08]], [[-2.743229742918629e-06, -6.304333624029823e-07, 1.0], [0.9930766820907593, 0.11746866255998611, 2.7982937353954185e-06], [-0.11746872216463089, 0.9930766820907593, 3.038249474229815e-07]], [[0.004445860628038645, 0.06603703647851944, 0.9978073239326477], [0.9977386593818665, -0.06721409410238266, 2.8197300707688555e-06], [0.06706682592630386, 0.9955508708953857, -0.06618651747703552]], [[-0.004451537970453501, -0.06603725254535675, 0.9978072047233582], [0.9977385997772217, -0.0672144740819931, 2.816940650518518e-06], [0.06706684082746506, 0.9955508708953857, 0.06618712842464447]], [[0.938230037689209, 0.3460122346878052, -6.57856276120583e-08], [1.219827261422779e-08, 8.268981943615472e-09, -1.0000001192092896], [-0.34601226449012756, 0.9382301568984985, 7.22541173558966e-08]], [[1.0, 9.004658204503357e-05, -1.0617561940762243e-07], [-2.6087329629831402e-08, 3.6541699444114784e-08, -1.0000001192092896], [-9.004661842482165e-05, 1.0000001192092896, 1.0526070326477566e-07]], [[1.0, -9.644108649808913e-05, -1.0617561940762243e-07], [-2.6080515524995462e-08, 3.654656310914106e-08, -1.0000001192092896], [9.64410719461739e-05, 1.0000001192092896, 1.0526070326477566e-07]], [[1.0, -0.00010138544166693464, 5.220210732659325e-05], [3.443089735810645e-05, -0.16869455575942993, -0.9856685400009155], [0.0001087386190192774, 0.9856684803962708, -0.16869446635246277]], [[0.8528316020965576, -0.49016815423965454, 0.18003736436367035], [-0.38852450251579285, -0.8259889483451843, -0.40840086340904236], [0.348893940448761, 0.27834823727607727, -0.8948717713356018]], [[1.0, -9.703466474775269e-08, 1.1315727732608138e-07], [2.386717845581643e-08, -1.0000001192092896, 7.08055347686809e-09], [6.333956292792209e-08, -4.482215487655594e-09, -1.0000001192092896]], [[1.0, -9.703466474775269e-08, 1.1315727732608138e-07], [2.386717845581643e-08, -1.0000001192092896, 7.08055347686809e-09], [6.333956292792209e-08, -4.482215487655594e-09, -1.0000001192092896]], [[1.0, -9.703466474775269e-08, 1.1315727732608138e-07], [2.386717845581643e-08, -1.0000001192092896, 7.08055347686809e-09], [6.333956292792209e-08, -4.482215487655594e-09, -1.0000001192092896]], [[0.9996047616004944, -0.027482815086841583, 0.005924379453063011], [0.0018940860172733665, -0.14441773295402527, -0.9895151257514954], [0.028050245717167854, 0.989135205745697, -0.14430852234363556]], [[1.0, -5.7946937914721275e-08, -6.4364023444341e-08], [1.6059656715583515e-08, 3.665582948286783e-09, -1.0000001192092896], [5.703728689354648e-08, 1.0000001192092896, 7.238142529786273e-08]], [[1.0, -5.7946937914721275e-08, -6.4364023444341e-08], [1.6059656715583515e-08, 3.665582948286783e-09, -1.0000001192092896], [5.703728689354648e-08, 1.0000001192092896, 7.238142529786273e-08]], [[0.9970345497131348, 0.043452128767967224, -0.06351412087678909], [-0.06522726267576218, 0.039215754717588425, -0.997099757194519], [-0.04083535075187683, 0.9982856512069702, 0.04193378984928131]], [[0.9970345497131348, 0.043452128767967224, -0.06351412087678909], [-0.06522726267576218, 0.039215754717588425, -0.997099757194519], [-0.04083535075187683, 0.9982856512069702, 0.04193378984928131]], [[0.9862971901893616, 0.15425078570842743, -0.05852026864886284], [-0.04130740836262703, -0.11252384632825851, -0.9927902221679688], [-0.15972356498241425, 0.9816034436225891, -0.10461018234491348]], [[1.0, -4.579413825922529e-08, -5.736758268426456e-08], [1.9645957749503395e-08, 2.298055612470762e-08, -1.0000001192092896], [6.395331553221695e-08, 1.0000001192092896, 9.732226402547894e-08]], [[1.0, -4.579413825922529e-08, -5.736758268426456e-08], [1.9645957749503395e-08, 2.298055612470762e-08, -1.0000001192092896], [6.395331553221695e-08, 1.0000001192092896, 9.732226402547894e-08]], [[0.9918350577354431, 0.021237583830952644, -0.1257464438676834], [-0.12679316103458405, 0.058578867465257645, -0.9901980757713318], [-0.013663304969668388, 0.998056948184967, 0.060793422162532806]], [[0.9918350577354431, 0.021237583830952644, -0.1257464438676834], [-0.12679316103458405, 0.058578867465257645, -0.9901980757713318], [-0.013663304969668388, 0.998056948184967, 0.060793422162532806]], [[0.9703877568244934, 0.21955490112304688, -0.1007142886519432], [-0.08058719336986542, -0.09879753738641739, -0.9918392300605774], [-0.2277134507894516, 0.9705848097801208, -0.07817854732275009]], [[1.0, -4.352327565015912e-08, -6.125764429043556e-08], [1.1623384921222168e-08, 2.4123030684108926e-08, -1.0000001192092896], [5.70604434813049e-08, 1.0000001192092896, 7.884160879711999e-08]], [[1.0, -4.352327565015912e-08, -6.125764429043556e-08], [1.1623384921222168e-08, 2.4123030684108926e-08, -1.0000001192092896], [5.70604434813049e-08, 1.0000001192092896, 7.884160879711999e-08]], [[0.9991961121559143, 0.0007906517130322754, 0.04008316621184349], [0.04009102284908295, -0.018781810998916626, -0.9990196824073792], [-3.703089532791637e-05, 0.9998233318328857, -0.018798351287841797]], [[0.9991961121559143, 0.0007906517130322754, 0.04008316621184349], [0.04009102284908295, -0.018781810998916626, -0.9990196824073792], [-3.703089532791637e-05, 0.9998233318328857, -0.018798351287841797]], [[0.9168347716331482, 0.3131903409957886, -0.24764050543308258], [-0.23987433314323425, -0.06375125050544739, -0.9687086343765259], [-0.319177508354187, 0.9475483298301697, 0.01667703315615654]], [[1.0, -5.478398179548094e-08, -7.078750030586889e-08], [1.670310112444895e-08, -8.935477247007384e-09, -1.0000001192092896], [8.957376707030562e-08, 1.0000001192092896, 6.069419100640516e-08]], [[1.0, -5.478398179548094e-08, -7.078750030586889e-08], [1.670310112444895e-08, -8.935477247007384e-09, -1.0000001192092896], [8.957376707030562e-08, 1.0000001192092896, 6.069419100640516e-08]], [[0.9962963461875916, -0.026847422122955322, -0.08168745785951614], [-0.08083615452051163, 0.031395409256219864, -0.9962329864501953], [0.029310937970876694, 0.999146580696106, 0.029108954593539238]], [[0.9962963461875916, -0.026847422122955322, -0.08168745785951614], [-0.08083615452051163, 0.031395409256219864, -0.9962329864501953], [0.029310937970876694, 0.999146580696106, 0.029108954593539238]], [[0.9382301568984985, 0.3460122346878052, -1.1302832803039564e-07], [-1.651990402251613e-07, 6.7229048994477125e-09, 1.000000238418579], [0.34601229429244995, -0.9382302761077881, -5.730908370082943e-08]], [[1.0000001192092896, 9.017329284688458e-05, -1.581243793680187e-07], [-1.0757519675053118e-07, 3.084425159727289e-08, 1.000000238418579], [9.01823805179447e-05, 